  6441,T:\CLIENTS\RMA\SilverJan2017\101,Qtp,checkf002tech_serv_date.apiSub
 15487,T:\CLIENTS\RMA\SilverJan2017\101,Qtp,costing1.apiSub
 15535,T:\CLIENTS\RMA\SilverJan2017\101,Qtp,costing1_noweb.apiSub
 10059,T:\CLIENTS\RMA\SilverJan2017\101,Qtp,costing2.apiSub
 10059,T:\CLIENTS\RMA\SilverJan2017\101,Qtp,costing2_noweb.apiSub
  1011,T:\CLIENTS\RMA\SilverJan2017\101,Qtp,costing3.apiSub
  4813,T:\CLIENTS\RMA\SilverJan2017\101,Qtp,costing4.apiSub
  4793,T:\CLIENTS\RMA\SilverJan2017\101,Qtp,costing5.apiSub
  4793,T:\CLIENTS\RMA\SilverJan2017\101,Qtp,costing5_noweb.apiSub
  3612,T:\CLIENTS\RMA\SilverJan2017\101,Qtp,costing6_man_rej_dtl.apiSub
  3612,T:\CLIENTS\RMA\SilverJan2017\101,Qtp,costing6_noweb.apiSub
    765,T:\CLIENTS\RMA\SilverJan2017\101,Qtp,costing7.apiSub
      0,T:\CLIENTS\RMA\SilverJan2017\101,Qtp,create_dummy_records.apiSub
  2807,T:\CLIENTS\RMA\SilverJan2017\101,Qtp,docrevall.apiSub
    271,T:\CLIENTS\RMA\SilverJan2017\101,Qtp,f020_info_import.apiSub
  6389,T:\CLIENTS\RMA\SilverJan2017\101,Qtp,f050ma1.apiSub
 10845,T:\CLIENTS\RMA\SilverJan2017\101,Qtp,f050_bi.apiSub
 18881,T:\CLIENTS\RMA\SilverJan2017\101,Qtp,f050_csv.apiSub
  3909,T:\CLIENTS\RMA\SilverJan2017\101,Qtp,fix_adj_claim_file_1.apiSub
    279,T:\CLIENTS\RMA\SilverJan2017\101,Qtp,fix_adj_claim_file_2.apiSub
    514,T:\CLIENTS\RMA\SilverJan2017\101,Qtp,fix_dump_tech.apiSub
    783,T:\CLIENTS\RMA\SilverJan2017\101,Qtp,fix_f001_f002_all.apiSub
      0,T:\CLIENTS\RMA\SilverJan2017\101,Qtp,fix_seq_nbrs.apiSub
 28590,T:\CLIENTS\RMA\SilverJan2017\101,Qtp,maria_rejects1.apiSub
    534,T:\CLIENTS\RMA\SilverJan2017\101,Qtp,maria_rejects2.apiSub
      0,T:\CLIENTS\RMA\SilverJan2017\101,Qtp,newu701.apiSub
 13654,T:\CLIENTS\RMA\SilverJan2017\101,Qtp,prodtithe.apiSub
      0,T:\CLIENTS\RMA\SilverJan2017\101,Qtp,purge_f050_f051.apiSub
  5282,T:\CLIENTS\RMA\SilverJan2017\101,Qtp,r005_csv.apiSub
 20564,T:\CLIENTS\RMA\SilverJan2017\101,Qtp,r120.apiSub
  5555,T:\CLIENTS\RMA\SilverJan2017\101,Qtp,r121_summ.apiSub
  7218,T:\CLIENTS\RMA\SilverJan2017\101,Qtp,r128a.apiSub
  7182,T:\CLIENTS\RMA\SilverJan2017\101,Qtp,r136.apiSub
 11080,T:\CLIENTS\RMA\SilverJan2017\101,Qtp,r138_csv.apiSub
  4485,T:\CLIENTS\RMA\SilverJan2017\101,Qtp,r139_csv.apiSub
      0,T:\CLIENTS\RMA\SilverJan2017\101,Qtp,r140w1.apiSub
    570,T:\CLIENTS\RMA\SilverJan2017\101,Qtp,r140w2.apiSub
  2492,T:\CLIENTS\RMA\SilverJan2017\101,Qtp,r140_a1.apiSub
  8271,T:\CLIENTS\RMA\SilverJan2017\101,Qtp,solotithe.apiSub
 26429,T:\CLIENTS\RMA\SilverJan2017\101,Qtp,solo_earnings.apiSub
  6840,T:\CLIENTS\RMA\SilverJan2017\101,Qtp,solo_income_summary.apiSub
 47756,T:\CLIENTS\RMA\SilverJan2017\101,Qtp,suspend_agent_detail.apiSub
  1746,T:\CLIENTS\RMA\SilverJan2017\101,Qtp,suspend_dtl.apiSub
  2780,T:\CLIENTS\RMA\SilverJan2017\101,Qtp,suspend_dtl2.apiSub
      0,T:\CLIENTS\RMA\SilverJan2017\101,Qtp,temp_ignore_agent6_susp_hdr.apiSub
 30799,T:\CLIENTS\RMA\SilverJan2017\101,Qtp,u010daily.apiSub
  1155,T:\CLIENTS\RMA\SilverJan2017\101,Qtp,u014_f050.apiSub
      0,T:\CLIENTS\RMA\SilverJan2017\101,Qtp,u015.apiSub
      0,T:\CLIENTS\RMA\SilverJan2017\101,Qtp,u016.apiSub
 88495,T:\CLIENTS\RMA\SilverJan2017\101,Qtp,u020a.apiSub
 66915,T:\CLIENTS\RMA\SilverJan2017\101,Qtp,u020b.apiSub
    753,T:\CLIENTS\RMA\SilverJan2017\101,Qtp,u020c.apiSub
  1289,T:\CLIENTS\RMA\SilverJan2017\101,Qtp,u020d.apiSub
      0,T:\CLIENTS\RMA\SilverJan2017\101,Qtp,u020_shdw.apiSub
      0,T:\CLIENTS\RMA\SilverJan2017\101,Qtp,u021a.apiSub
      0,T:\CLIENTS\RMA\SilverJan2017\101,Qtp,u021f.apiSub
 18386,T:\CLIENTS\RMA\SilverJan2017\101,Qtp,u022a1.apiSub
 66915,T:\CLIENTS\RMA\SilverJan2017\101,Qtp,u022b.apiSub
    251,T:\CLIENTS\RMA\SilverJan2017\101,Qtp,u022c.apiSub
    522,T:\CLIENTS\RMA\SilverJan2017\101,Qtp,u030bb.apiSub
  1881,T:\CLIENTS\RMA\SilverJan2017\101,Qtp,u030bb_1.apiSub
    265,T:\CLIENTS\RMA\SilverJan2017\101,Qtp,u030b_1.apiSub
    265,T:\CLIENTS\RMA\SilverJan2017\101,Qtp,u030b_60.apiSub
  8951,T:\CLIENTS\RMA\SilverJan2017\101,Qtp,u030b_autoadj_clinic_dtl.apiSub
  3406,T:\CLIENTS\RMA\SilverJan2017\101,Qtp,u030b_part1.apiSub
 26067,T:\CLIENTS\RMA\SilverJan2017\101,Qtp,u030b_part3_a.apiSub
  1697,T:\CLIENTS\RMA\SilverJan2017\101,Qtp,u030b_part3_b.apiSub
  2773,T:\CLIENTS\RMA\SilverJan2017\101,Qtp,u030_dtl_tech_prof.apiSub
  1383,T:\CLIENTS\RMA\SilverJan2017\101,Qtp,u031.apiSub
 90840,T:\CLIENTS\RMA\SilverJan2017\101,Qtp,u035a.apiSub
      0,T:\CLIENTS\RMA\SilverJan2017\101,Qtp,u041_update_min_max.apiSub
      0,T:\CLIENTS\RMA\SilverJan2017\101,Qtp,u085.apiSub
    498,T:\CLIENTS\RMA\SilverJan2017\101,Qtp,u085b.apiSub
  1649,T:\CLIENTS\RMA\SilverJan2017\101,Qtp,u085c.apiSub
    498,T:\CLIENTS\RMA\SilverJan2017\101,Qtp,u085d.apiSub
    516,T:\CLIENTS\RMA\SilverJan2017\101,Qtp,u085e.apiSub
  3566,T:\CLIENTS\RMA\SilverJan2017\101,Qtp,u086.apiSub
  3996,T:\CLIENTS\RMA\SilverJan2017\101,Qtp,u086a.apiSub
      0,T:\CLIENTS\RMA\SilverJan2017\101,Qtp,u090.apiSub
      0,T:\CLIENTS\RMA\SilverJan2017\101,Qtp,u090f.apiSub
  5842,T:\CLIENTS\RMA\SilverJan2017\101,Qtp,u093.apiSub
  2610,T:\CLIENTS\RMA\SilverJan2017\101,Qtp,u095.apiSub
  6228,T:\CLIENTS\RMA\SilverJan2017\101,Qtp,u100.apiSub
  1119,T:\CLIENTS\RMA\SilverJan2017\101,Qtp,u105.apiSub
  7742,T:\CLIENTS\RMA\SilverJan2017\101,Qtp,u110b_rma.apiSub
 66374,T:\CLIENTS\RMA\SilverJan2017\101,Qtp,u110_1.apiSub
 30420,T:\CLIENTS\RMA\SilverJan2017\101,Qtp,u110_2.apiSub
    261,T:\CLIENTS\RMA\SilverJan2017\101,Qtp,u111c.apiSub
      0,T:\CLIENTS\RMA\SilverJan2017\101,Qtp,u112.apiSub
      0,T:\CLIENTS\RMA\SilverJan2017\101,Qtp,u113.apiSub
 13477,T:\CLIENTS\RMA\SilverJan2017\101,Qtp,u114a.apiSub
    257,T:\CLIENTS\RMA\SilverJan2017\101,Qtp,u114b.apiSub
 64444,T:\CLIENTS\RMA\SilverJan2017\101,Qtp,u115a.apiSub
 31012,T:\CLIENTS\RMA\SilverJan2017\101,Qtp,u115b.apiSub
 30306,T:\CLIENTS\RMA\SilverJan2017\101,Qtp,u115b_debug.apiSub
  5268,T:\CLIENTS\RMA\SilverJan2017\101,Qtp,u115c.apiSub
 27594,T:\CLIENTS\RMA\SilverJan2017\101,Qtp,u115_debug.apiSub
 25130,T:\CLIENTS\RMA\SilverJan2017\101,Qtp,u115_debug_f119.apiSub
  5688,T:\CLIENTS\RMA\SilverJan2017\101,Qtp,u117.apiSub
  5282,T:\CLIENTS\RMA\SilverJan2017\101,Qtp,u118.apiSub
    257,T:\CLIENTS\RMA\SilverJan2017\101,Qtp,u119b.apiSub
  2542,T:\CLIENTS\RMA\SilverJan2017\101,Qtp,u121.apiSub
    247,T:\CLIENTS\RMA\SilverJan2017\101,Qtp,u122.apiSub
 31604,T:\CLIENTS\RMA\SilverJan2017\101,Qtp,u122b.apiSub
      0,T:\CLIENTS\RMA\SilverJan2017\101,Qtp,u125.apiSub
      0,T:\CLIENTS\RMA\SilverJan2017\101,Qtp,u126.apiSub
      0,T:\CLIENTS\RMA\SilverJan2017\101,Qtp,u127.apiSub
  6403,T:\CLIENTS\RMA\SilverJan2017\101,Qtp,u130.apiSub
  3111,T:\CLIENTS\RMA\SilverJan2017\101,Qtp,u131a.apiSub
  5056,T:\CLIENTS\RMA\SilverJan2017\101,Qtp,u132_dc.apiSub
  6152,T:\CLIENTS\RMA\SilverJan2017\101,Qtp,u132_sp.apiSub
 24396,T:\CLIENTS\RMA\SilverJan2017\101,Qtp,u140_a.apiSub
  7589,T:\CLIENTS\RMA\SilverJan2017\101,Qtp,u140_b.apiSub
      0,T:\CLIENTS\RMA\SilverJan2017\101,Qtp,u140_c.apiSub
  7430,T:\CLIENTS\RMA\SilverJan2017\101,Qtp,u140_d.apiSub
  1020,T:\CLIENTS\RMA\SilverJan2017\101,Qtp,u140_d1_remove_dups.apiSub
 10118,T:\CLIENTS\RMA\SilverJan2017\101,Qtp,u140_e.apiSub
      0,T:\CLIENTS\RMA\SilverJan2017\101,Qtp,u140_f.apiSub
  1848,T:\CLIENTS\RMA\SilverJan2017\101,Qtp,u141a.apiSub
  9223,T:\CLIENTS\RMA\SilverJan2017\101,Qtp,u141c.apiSub
      0,T:\CLIENTS\RMA\SilverJan2017\101,Qtp,u704.apiSub
  4902,T:\CLIENTS\RMA\SilverJan2017\101,Qtp,u704a.apiSub
      0,T:\CLIENTS\RMA\SilverJan2017\101,Qtp,u705.apiSub
  1875,T:\CLIENTS\RMA\SilverJan2017\101,Qtp,u708.apiSub
  1726,T:\CLIENTS\RMA\SilverJan2017\101,Qtp,u716a.apiSub
  3232,T:\CLIENTS\RMA\SilverJan2017\101,Qtp,u716c.apiSub
  4444,T:\CLIENTS\RMA\SilverJan2017\101,Qtp,u802.apiSub
      0,T:\CLIENTS\RMA\SilverJan2017\101,Qtp,u901.apiSub
  3299,T:\CLIENTS\RMA\SilverJan2017\101,Qtp,u920.apiSub
  3242,T:\CLIENTS\RMA\SilverJan2017\101,Qtp,u921a.apiSub
    265,T:\CLIENTS\RMA\SilverJan2017\101,Qtp,u921c.apiSub
  2470,T:\CLIENTS\RMA\SilverJan2017\101,Qtp,u997.apiSub
 98023,T:\CLIENTS\RMA\SilverJan2017\101,Qtp,unlof002_me_claim.apiSub
 32576,T:\CLIENTS\RMA\SilverJan2017\101,Qtp,unlof002_rat_payment.apiSub
    249,T:\CLIENTS\RMA\SilverJan2017\101,Qtp,utl0012b.apiSub
    279,T:\CLIENTS\RMA\SilverJan2017\101,Qtp,utl0012d.apiSub
    255,T:\CLIENTS\RMA\SilverJan2017\101,Qtp,utl0017.apiSub
 21666,T:\CLIENTS\RMA\SilverJan2017\101,Qtp,utl0018.apiSub
      0,T:\CLIENTS\RMA\SilverJan2017\101,Qtp,utl0018a.apiSub
 21666,T:\CLIENTS\RMA\SilverJan2017\101,Qtp,utl0018b.apiSub
  7833,T:\CLIENTS\RMA\SilverJan2017\101,Qtp,utl0021.apiSub
 10675,T:\CLIENTS\RMA\SilverJan2017\101,Qtp,utl0025.apiSub
 21525,T:\CLIENTS\RMA\SilverJan2017\101,Qtp,utl0030.apiSub
  3474,T:\CLIENTS\RMA\SilverJan2017\101,Qtp,utl0100.apiSub
 14861,T:\CLIENTS\RMA\SilverJan2017\101,Qtp,utl0119.apiSub
 71317,T:\CLIENTS\RMA\SilverJan2017\101,Qtp,utl0200.apiSub
160718,T:\CLIENTS\RMA\SilverJan2017\101,Qtp,utl0201.apiSub
  8073,T:\CLIENTS\RMA\SilverJan2017\101,Qtp,utl0201_f119.apiSub
  6017,T:\CLIENTS\RMA\SilverJan2017\101,Qtp,utl0f020_ohip_sin.apiSub
 11066,T:\CLIENTS\RMA\SilverJan2017\101,Qtp,webpatients_doc.apiSub
  1159,T:\CLIENTS\RMA\SilverJan2017\101,Qtp,web_before_after.apiSub
  1084,T:\CLIENTS\RMA\SilverJan2017\101,Qtp,yearend_1.apiSub
  1084,T:\CLIENTS\RMA\SilverJan2017\101,Qtp,yearend_2.apiSub

  0,T:\CLIENTS\RMA\SilverJan2017\101,Quick,d003_1.apiSub
  0,T:\CLIENTS\RMA\SilverJan2017\101,Quick,d003_1a.apiSub
  0,T:\CLIENTS\RMA\SilverJan2017\101,Quick,d020.apiSub
  0,T:\CLIENTS\RMA\SilverJan2017\101,Quick,d020a.apiSub
  0,T:\CLIENTS\RMA\SilverJan2017\101,Quick,d020b.apiSub
  0,T:\CLIENTS\RMA\SilverJan2017\101,Quick,d085.apiSub
  0,T:\CLIENTS\RMA\SilverJan2017\101,Quick,d087.apiSub
  0,T:\CLIENTS\RMA\SilverJan2017\101,Quick,d087_dtl.apiSub
  0,T:\CLIENTS\RMA\SilverJan2017\101,Quick,d087_hdr.apiSub
  0,T:\CLIENTS\RMA\SilverJan2017\101,Quick,d110.apiSub
  0,T:\CLIENTS\RMA\SilverJan2017\101,Quick,d112.apiSub
  0,T:\CLIENTS\RMA\SilverJan2017\101,Quick,d112a.apiSub
  0,T:\CLIENTS\RMA\SilverJan2017\101,Quick,d114.apiSub
  0,T:\CLIENTS\RMA\SilverJan2017\101,Quick,d118.apiSub
  0,T:\CLIENTS\RMA\SilverJan2017\101,Quick,d119.apiSub
  0,T:\CLIENTS\RMA\SilverJan2017\101,Quick,d119gov.apiSub
  0,T:\CLIENTS\RMA\SilverJan2017\101,Quick,d119tithe.apiSub
  0,T:\CLIENTS\RMA\SilverJan2017\101,Quick,d199.apiSub
  0,T:\CLIENTS\RMA\SilverJan2017\101,Quick,d705a.apiSub
  0,T:\CLIENTS\RMA\SilverJan2017\101,Quick,d705b.apiSub
  0,T:\CLIENTS\RMA\SilverJan2017\101,Quick,d705c.apiSub
  0,T:\CLIENTS\RMA\SilverJan2017\101,Quick,d713.apiSub
  0,T:\CLIENTS\RMA\SilverJan2017\101,Quick,h020a.apiSub
  0,T:\CLIENTS\RMA\SilverJan2017\101,Quick,h110.apiSub
  0,T:\CLIENTS\RMA\SilverJan2017\101,Quick,h112.apiSub
  0,T:\CLIENTS\RMA\SilverJan2017\101,Quick,h112a.apiSub
  0,T:\CLIENTS\RMA\SilverJan2017\101,Quick,h113.apiSub
  0,T:\CLIENTS\RMA\SilverJan2017\101,Quick,h119.apiSub
  0,T:\CLIENTS\RMA\SilverJan2017\101,Quick,h119gov.apiSub
  0,T:\CLIENTS\RMA\SilverJan2017\101,Quick,h119tithe.apiSub
  0,T:\CLIENTS\RMA\SilverJan2017\101,Quick,m010.apiSub
  0,T:\CLIENTS\RMA\SilverJan2017\101,Quick,m010_acr.apiSub
  0,T:\CLIENTS\RMA\SilverJan2017\101,Quick,m010_crm_d003.apiSub
  0,T:\CLIENTS\RMA\SilverJan2017\101,Quick,m010_ins_f.apiSub
  0,T:\CLIENTS\RMA\SilverJan2017\101,Quick,m020.apiSub
  0,T:\CLIENTS\RMA\SilverJan2017\101,Quick,m020a.apiSub
  0,T:\CLIENTS\RMA\SilverJan2017\101,Quick,m020b.apiSub
  0,T:\CLIENTS\RMA\SilverJan2017\101,Quick,m020c.apiSub
  0,T:\CLIENTS\RMA\SilverJan2017\101,Quick,m021.apiSub
  0,T:\CLIENTS\RMA\SilverJan2017\101,Quick,m027.apiSub
  0,T:\CLIENTS\RMA\SilverJan2017\101,Quick,m028.apiSub
  0,T:\CLIENTS\RMA\SilverJan2017\101,Quick,m029.apiSub
  0,T:\CLIENTS\RMA\SilverJan2017\101,Quick,m040_dtl.apiSub
  0,T:\CLIENTS\RMA\SilverJan2017\101,Quick,m074.apiSub
  0,T:\CLIENTS\RMA\SilverJan2017\101,Quick,m074a.apiSub
  0,T:\CLIENTS\RMA\SilverJan2017\101,Quick,m075.apiSub
  0,T:\CLIENTS\RMA\SilverJan2017\101,Quick,m083.apiSub
  0,T:\CLIENTS\RMA\SilverJan2017\101,Quick,m088.apiSub
  0,T:\CLIENTS\RMA\SilverJan2017\101,Quick,m088_1.apiSub
  0,T:\CLIENTS\RMA\SilverJan2017\101,Quick,m088_1a.apiSub
  0,T:\CLIENTS\RMA\SilverJan2017\101,Quick,m090.apiSub
  0,T:\CLIENTS\RMA\SilverJan2017\101,Quick,m090a.apiSub
  0,T:\CLIENTS\RMA\SilverJan2017\101,Quick,m090f.apiSub
  0,T:\CLIENTS\RMA\SilverJan2017\101,Quick,m090g.apiSub
  0,T:\CLIENTS\RMA\SilverJan2017\101,Quick,m091.apiSub
  0,T:\CLIENTS\RMA\SilverJan2017\101,Quick,m092.apiSub
  0,T:\CLIENTS\RMA\SilverJan2017\101,Quick,m093.apiSub
  0,T:\CLIENTS\RMA\SilverJan2017\101,Quick,m096.apiSub
  0,T:\CLIENTS\RMA\SilverJan2017\101,Quick,m098.apiSub
  0,T:\CLIENTS\RMA\SilverJan2017\101,Quick,m100.apiSub
  0,T:\CLIENTS\RMA\SilverJan2017\101,Quick,m101.apiSub
  0,T:\CLIENTS\RMA\SilverJan2017\101,Quick,m102.apiSub
  0,T:\CLIENTS\RMA\SilverJan2017\101,Quick,m113.apiSub
  0,T:\CLIENTS\RMA\SilverJan2017\101,Quick,m115.apiSub
  0,T:\CLIENTS\RMA\SilverJan2017\101,Quick,m123.apiSub
  0,T:\CLIENTS\RMA\SilverJan2017\101,Quick,m190.apiSub
  0,T:\CLIENTS\RMA\SilverJan2017\101,Quick,m190a.apiSub
  0,T:\CLIENTS\RMA\SilverJan2017\101,Quick,m190b.apiSub
  0,T:\CLIENTS\RMA\SilverJan2017\101,Quick,m191.apiSub
  0,T:\CLIENTS\RMA\SilverJan2017\101,Quick,m199.apiSub
  0,T:\CLIENTS\RMA\SilverJan2017\101,Quick,m200.apiSub
  0,T:\CLIENTS\RMA\SilverJan2017\101,Quick,m201.apiSub
  0,T:\CLIENTS\RMA\SilverJan2017\101,Quick,m902.apiSub
  0,T:\CLIENTS\RMA\SilverJan2017\101,Quick,m920.apiSub
  0,T:\CLIENTS\RMA\SilverJan2017\101,Quick,m923.apiSub
  0,T:\CLIENTS\RMA\SilverJan2017\101,Quick,m940.apiSub
  0,T:\CLIENTS\RMA\SilverJan2017\101,Quick,ohip_run_dates.apiSub
  0,T:\CLIENTS\RMA\SilverJan2017\101,Quick,sy030.apiSub
  0,T:\CLIENTS\RMA\SilverJan2017\101,Quick,sy033.apiSub
  0,T:\CLIENTS\RMA\SilverJan2017\101,Quick,utl1000.apiSub
  0,T:\CLIENTS\RMA\SilverJan2017\101,Quick,utl1001.apiSub
  0,T:\CLIENTS\RMA\SilverJan2017\101,Quick,utl1002.apiSub



  1490,T:\CLIENTS\RMA\SilverJan2017\101,Quiz,auditdoc.apiSub
  0,T:\CLIENTS\RMA\SilverJan2017\101,Quiz,audit_f050hist.apiSub
  0,T:\CLIENTS\RMA\SilverJan2017\101,Quiz,audit_f050tphist.apiSub
  0,T:\CLIENTS\RMA\SilverJan2017\101,Quiz,billinglist.apiSub
  2430,T:\CLIENTS\RMA\SilverJan2017\101,Quiz,checkf001_f090.apiSub
 21366,T:\CLIENTS\RMA\SilverJan2017\101,Quiz,check_f001_f002_all.apiSub
  0,T:\CLIENTS\RMA\SilverJan2017\101,Quiz,check_susp_dtl.apiSub
255,T:\CLIENTS\RMA\SilverJan2017\101,Quiz,costing1.apiSub
255,T:\CLIENTS\RMA\SilverJan2017\101,Quiz,costing10.apiSub
  0,T:\CLIENTS\RMA\SilverJan2017\101,Quiz,costing11.apiSub
255,T:\CLIENTS\RMA\SilverJan2017\101,Quiz,costing6a_man_rej_dtl.apiSub
  0,T:\CLIENTS\RMA\SilverJan2017\101,Quiz,costrev26.apiSub
 27728,T:\CLIENTS\RMA\SilverJan2017\101,Quiz,create_claims_sub.apiSub
    257,T:\CLIENTS\RMA\SilverJan2017\101,Quiz,debugu114.apiSub
    793,T:\CLIENTS\RMA\SilverJan2017\101,Quiz,debugu116.apiSub
    265,T:\CLIENTS\RMA\SilverJan2017\101,Quiz,diffamt.apiSub
    271,T:\CLIENTS\RMA\SilverJan2017\101,Quiz,diffdate.apiSub
      0,T:\CLIENTS\RMA\SilverJan2017\101,Quiz,docrev.apiSub
    257,T:\CLIENTS\RMA\SilverJan2017\101,Quiz,docrevall.apiSub
    247,T:\CLIENTS\RMA\SilverJan2017\101,Quiz,dumpf119.apiSub
      0,T:\CLIENTS\RMA\SilverJan2017\101,Quiz,dumpf119ytd.apiSub
  4257,T:\CLIENTS\RMA\SilverJan2017\101,Quiz,dump_tech.apiSub
      0,T:\CLIENTS\RMA\SilverJan2017\101,Quiz,kathyf001status.apiSub
    267,T:\CLIENTS\RMA\SilverJan2017\101,Quiz,maria_rejects3.apiSub
      0,T:\CLIENTS\RMA\SilverJan2017\101,Quiz,news_email.apiSub
      0,T:\CLIENTS\RMA\SilverJan2017\101,Quiz,paycode1A_ceilings.apiSub
      0,T:\CLIENTS\RMA\SilverJan2017\101,Quiz,payeft.apiSub
      0,T:\CLIENTS\RMA\SilverJan2017\101,Quiz,payrolllist.apiSub
  6524,T:\CLIENTS\RMA\SilverJan2017\101,Quiz,r004a.apiSub
  5066,T:\CLIENTS\RMA\SilverJan2017\101,Quiz,r004atp.apiSub
  5114,T:\CLIENTS\RMA\SilverJan2017\101,Quiz,r004atp_70.apiSub
 28405,T:\CLIENTS\RMA\SilverJan2017\101,Quiz,r004b.apiSub
    253,T:\CLIENTS\RMA\SilverJan2017\101,Quiz,r004btp.apiSub
    259,T:\CLIENTS\RMA\SilverJan2017\101,Quiz,r004btp_70.apiSub
    253,T:\CLIENTS\RMA\SilverJan2017\101,Quiz,r004btp_portal.apiSub
    249,T:\CLIENTS\RMA\SilverJan2017\101,Quiz,r004c.apiSub
    253,T:\CLIENTS\RMA\SilverJan2017\101,Quiz,r004ctp.apiSub
    259,T:\CLIENTS\RMA\SilverJan2017\101,Quiz,r004ctp_70.apiSub
    249,T:\CLIENTS\RMA\SilverJan2017\101,Quiz,r004c_portal.apiSub
    249,T:\CLIENTS\RMA\SilverJan2017\101,Quiz,r004c_portal_ss.apiSub
    249,T:\CLIENTS\RMA\SilverJan2017\101,Quiz,r004d.apiSub
    253,T:\CLIENTS\RMA\SilverJan2017\101,Quiz,r004dtp.apiSub
    259,T:\CLIENTS\RMA\SilverJan2017\101,Quiz,r004dtp_70.apiSub
      0,T:\CLIENTS\RMA\SilverJan2017\101,Quiz,r005atp.apiSub
      0,T:\CLIENTS\RMA\SilverJan2017\101,Quiz,r005atp_70.apiSub
      0,T:\CLIENTS\RMA\SilverJan2017\101,Quiz,r005btp.apiSub
      0,T:\CLIENTS\RMA\SilverJan2017\101,Quiz,r005btp_70.apiSub
      0,T:\CLIENTS\RMA\SilverJan2017\101,Quiz,r005ctp.apiSub
      0,T:\CLIENTS\RMA\SilverJan2017\101,Quiz,r005ctp_70.apiSub
      0,T:\CLIENTS\RMA\SilverJan2017\101,Quiz,r005dtp.apiSub
      0,T:\CLIENTS\RMA\SilverJan2017\101,Quiz,r005dtp_70.apiSub
    769,T:\CLIENTS\RMA\SilverJan2017\101,Quiz,r005_csv.apiSub
      0,T:\CLIENTS\RMA\SilverJan2017\101,Quiz,r006atp.apiSub
      0,T:\CLIENTS\RMA\SilverJan2017\101,Quiz,r006atp_70.apiSub
      0,T:\CLIENTS\RMA\SilverJan2017\101,Quiz,r006btp.apiSub
      0,T:\CLIENTS\RMA\SilverJan2017\101,Quiz,r006btp_70.apiSub
      0,T:\CLIENTS\RMA\SilverJan2017\101,Quiz,r006ctp.apiSub
      0,T:\CLIENTS\RMA\SilverJan2017\101,Quiz,r006ctp_70.apiSub
      0,T:\CLIENTS\RMA\SilverJan2017\101,Quiz,r006dtp.apiSub
      0,T:\CLIENTS\RMA\SilverJan2017\101,Quiz,r006dtp_70.apiSub
  1038,T:\CLIENTS\RMA\SilverJan2017\101,Quiz,r010cycle.apiSub
    514,T:\CLIENTS\RMA\SilverJan2017\101,Quiz,r010daily.apiSub
      0,T:\CLIENTS\RMA\SilverJan2017\101,Quiz,r011a.apiSub
      0,T:\CLIENTS\RMA\SilverJan2017\101,Quiz,r011a_70.apiSub
      0,T:\CLIENTS\RMA\SilverJan2017\101,Quiz,r011b.apiSub
      0,T:\CLIENTS\RMA\SilverJan2017\101,Quiz,r011b_70.apiSub
      0,T:\CLIENTS\RMA\SilverJan2017\101,Quiz,r011c.apiSub
      0,T:\CLIENTS\RMA\SilverJan2017\101,Quiz,r011c_70.apiSub
      0,T:\CLIENTS\RMA\SilverJan2017\101,Quiz,r011mohr.apiSub
  8396,T:\CLIENTS\RMA\SilverJan2017\101,Quiz,r011_csv.apiSub
      0,T:\CLIENTS\RMA\SilverJan2017\101,Quiz,r012atp.apiSub
      0,T:\CLIENTS\RMA\SilverJan2017\101,Quiz,r012atp_70.apiSub
      0,T:\CLIENTS\RMA\SilverJan2017\101,Quiz,r012btp.apiSub
      0,T:\CLIENTS\RMA\SilverJan2017\101,Quiz,r012btp_70.apiSub
      0,T:\CLIENTS\RMA\SilverJan2017\101,Quiz,r012ctp.apiSub
      0,T:\CLIENTS\RMA\SilverJan2017\101,Quiz,r012ctp_70.apiSub
      0,T:\CLIENTS\RMA\SilverJan2017\101,Quiz,r013atp.apiSub
      0,T:\CLIENTS\RMA\SilverJan2017\101,Quiz,r013atp_70.apiSub
      0,T:\CLIENTS\RMA\SilverJan2017\101,Quiz,r013btp.apiSub
      0,T:\CLIENTS\RMA\SilverJan2017\101,Quiz,r013btp_70.apiSub
      0,T:\CLIENTS\RMA\SilverJan2017\101,Quiz,r013ctp.apiSub
      0,T:\CLIENTS\RMA\SilverJan2017\101,Quiz,r013ctp_70.apiSub
      0,T:\CLIENTS\RMA\SilverJan2017\101,Quiz,r015atp.apiSub
      0,T:\CLIENTS\RMA\SilverJan2017\101,Quiz,r015atp_70.apiSub
      0,T:\CLIENTS\RMA\SilverJan2017\101,Quiz,r015btp.apiSub
      0,T:\CLIENTS\RMA\SilverJan2017\101,Quiz,r015btp_70.apiSub
      0,T:\CLIENTS\RMA\SilverJan2017\101,Quiz,r015ctp.apiSub
      0,T:\CLIENTS\RMA\SilverJan2017\101,Quiz,r015ctp_70.apiSub
  5470,T:\CLIENTS\RMA\SilverJan2017\101,Quiz,r020a.apiSub
    251,T:\CLIENTS\RMA\SilverJan2017\101,Quiz,r020d.apiSub
 17738,T:\CLIENTS\RMA\SilverJan2017\101,Quiz,r020e.apiSub
    251,T:\CLIENTS\RMA\SilverJan2017\101,Quiz,r020f.apiSub
 12241,T:\CLIENTS\RMA\SilverJan2017\101,Quiz,r021a.apiSub
      0,T:\CLIENTS\RMA\SilverJan2017\101,Quiz,r021b.apiSub
      0,T:\CLIENTS\RMA\SilverJan2017\101,Quiz,r021c.apiSub
 11451,T:\CLIENTS\RMA\SilverJan2017\101,Quiz,r022a2.apiSub
  9980,T:\CLIENTS\RMA\SilverJan2017\101,Quiz,r022a3.apiSub
 16363,T:\CLIENTS\RMA\SilverJan2017\101,Quiz,r022a4.apiSub
  6848,T:\CLIENTS\RMA\SilverJan2017\101,Quiz,r022a5.apiSub
    251,T:\CLIENTS\RMA\SilverJan2017\101,Quiz,r022a6.apiSub
  9032,T:\CLIENTS\RMA\SilverJan2017\101,Quiz,r022a7.apiSub
    251,T:\CLIENTS\RMA\SilverJan2017\101,Quiz,r022a8.apiSub
    275,T:\CLIENTS\RMA\SilverJan2017\101,Quiz,r022a9.apiSub
    251,T:\CLIENTS\RMA\SilverJan2017\101,Quiz,r022d.apiSub
 17192,T:\CLIENTS\RMA\SilverJan2017\101,Quiz,r022e.apiSub
  6195,T:\CLIENTS\RMA\SilverJan2017\101,Quiz,r022f.apiSub
  6982,T:\CLIENTS\RMA\SilverJan2017\101,Quiz,r022g.apiSub
    532,T:\CLIENTS\RMA\SilverJan2017\101,Quiz,r030d.apiSub
    530,T:\CLIENTS\RMA\SilverJan2017\101,Quiz,r030e.apiSub
    538,T:\CLIENTS\RMA\SilverJan2017\101,Quiz,r030f.apiSub
    265,T:\CLIENTS\RMA\SilverJan2017\101,Quiz,r030h.apiSub
  2848,T:\CLIENTS\RMA\SilverJan2017\101,Quiz,r030i.apiSub
      0,T:\CLIENTS\RMA\SilverJan2017\101,Quiz,r030i_2.apiSub
    271,T:\CLIENTS\RMA\SilverJan2017\101,Quiz,r030i_3.apiSub
    283,T:\CLIENTS\RMA\SilverJan2017\101,Quiz,r030j.apiSub
    277,T:\CLIENTS\RMA\SilverJan2017\101,Quiz,r030k.apiSub
    277,T:\CLIENTS\RMA\SilverJan2017\101,Quiz,r030k_csv.apiSub
    273,T:\CLIENTS\RMA\SilverJan2017\101,Quiz,r030l.apiSub
    277,T:\CLIENTS\RMA\SilverJan2017\101,Quiz,r030m.apiSub
    273,T:\CLIENTS\RMA\SilverJan2017\101,Quiz,r030n.apiSub
    281,T:\CLIENTS\RMA\SilverJan2017\101,Quiz,r030q.apiSub
  2995,T:\CLIENTS\RMA\SilverJan2017\101,Quiz,r030r.apiSub
      0,T:\CLIENTS\RMA\SilverJan2017\101,Quiz,r031a.apiSub
    908,T:\CLIENTS\RMA\SilverJan2017\101,Quiz,r031a_agep.apiSub
    518,T:\CLIENTS\RMA\SilverJan2017\101,Quiz,r031b_agep.apiSub
    546,T:\CLIENTS\RMA\SilverJan2017\101,Quiz,r031c.apiSub
      0,T:\CLIENTS\RMA\SilverJan2017\101,Quiz,r031_before_update.apiSub
      0,T:\CLIENTS\RMA\SilverJan2017\101,Quiz,r031_part2_before_update.apiSub
    271,T:\CLIENTS\RMA\SilverJan2017\101,Quiz,r035b.apiSub
  3632,T:\CLIENTS\RMA\SilverJan2017\101,Quiz,r051a_tp_per.apiSub
  3671,T:\CLIENTS\RMA\SilverJan2017\101,Quiz,r051a_tp_per_70.apiSub
    255,T:\CLIENTS\RMA\SilverJan2017\101,Quiz,r051b_tp_per.apiSub
    261,T:\CLIENTS\RMA\SilverJan2017\101,Quiz,r051b_tp_per_70.apiSub
      0,T:\CLIENTS\RMA\SilverJan2017\101,Quiz,r051caatp.apiSub
      0,T:\CLIENTS\RMA\SilverJan2017\101,Quiz,r051caatp_70.apiSub
      0,T:\CLIENTS\RMA\SilverJan2017\101,Quiz,r051cabtp.apiSub
      0,T:\CLIENTS\RMA\SilverJan2017\101,Quiz,r051cabtp_70.apiSub
      0,T:\CLIENTS\RMA\SilverJan2017\101,Quiz,r051cactp.apiSub
      0,T:\CLIENTS\RMA\SilverJan2017\101,Quiz,r051cactp_70.apiSub
      0,T:\CLIENTS\RMA\SilverJan2017\101,Quiz,r051ca_portal.apiSub
      0,T:\CLIENTS\RMA\SilverJan2017\101,Quiz,r051cbatp.apiSub
      0,T:\CLIENTS\RMA\SilverJan2017\101,Quiz,r051cbatp_70.apiSub
      0,T:\CLIENTS\RMA\SilverJan2017\101,Quiz,r051cbbtp.apiSub
      0,T:\CLIENTS\RMA\SilverJan2017\101,Quiz,r051cbbtp_70.apiSub
      0,T:\CLIENTS\RMA\SilverJan2017\101,Quiz,r051cbctp.apiSub
      0,T:\CLIENTS\RMA\SilverJan2017\101,Quiz,r051cbctp_70.apiSub
      0,T:\CLIENTS\RMA\SilverJan2017\101,Quiz,r051cb_portal.apiSub
  9142,T:\CLIENTS\RMA\SilverJan2017\101,Quiz,r070atp.apiSub
  9229,T:\CLIENTS\RMA\SilverJan2017\101,Quiz,r070atp_70.apiSub
  9339,T:\CLIENTS\RMA\SilverJan2017\101,Quiz,r070btp.apiSub
  9429,T:\CLIENTS\RMA\SilverJan2017\101,Quiz,r070btp_70.apiSub
    253,T:\CLIENTS\RMA\SilverJan2017\101,Quiz,r070ctp.apiSub
    259,T:\CLIENTS\RMA\SilverJan2017\101,Quiz,r070ctp_70.apiSub
    253,T:\CLIENTS\RMA\SilverJan2017\101,Quiz,r070dtp.apiSub
    259,T:\CLIENTS\RMA\SilverJan2017\101,Quiz,r070dtp_70.apiSub
  7621,T:\CLIENTS\RMA\SilverJan2017\101,Quiz,r070_csv.apiSub
  2421,T:\CLIENTS\RMA\SilverJan2017\101,Quiz,r085a.apiSub
  6448,T:\CLIENTS\RMA\SilverJan2017\101,Quiz,r085e.apiSub
      0,T:\CLIENTS\RMA\SilverJan2017\101,Quiz,r086.apiSub
    813,T:\CLIENTS\RMA\SilverJan2017\101,Quiz,r087.apiSub
      0,T:\CLIENTS\RMA\SilverJan2017\101,Quiz,r088.apiSub
      0,T:\CLIENTS\RMA\SilverJan2017\101,Quiz,r088a.apiSub
      0,T:\CLIENTS\RMA\SilverJan2017\101,Quiz,r089.apiSub
      0,T:\CLIENTS\RMA\SilverJan2017\101,Quiz,r089_portal.apiSub
 11966,T:\CLIENTS\RMA\SilverJan2017\101,Quiz,r093.apiSub
 11647,T:\CLIENTS\RMA\SilverJan2017\101,Quiz,r095.apiSub
  5251,T:\CLIENTS\RMA\SilverJan2017\101,Quiz,r099.apiSub
    247,T:\CLIENTS\RMA\SilverJan2017\101,Quiz,r111b.apiSub
      0,T:\CLIENTS\RMA\SilverJan2017\101,Quiz,r112_csv.apiSub
      0,T:\CLIENTS\RMA\SilverJan2017\101,Quiz,r113.apiSub
      0,T:\CLIENTS\RMA\SilverJan2017\101,Quiz,r119a.apiSub
      0,T:\CLIENTS\RMA\SilverJan2017\101,Quiz,r119b.apiSub
      0,T:\CLIENTS\RMA\SilverJan2017\101,Quiz,r119c.apiSub
    251,T:\CLIENTS\RMA\SilverJan2017\101,Quiz,r120.apiSub
      0,T:\CLIENTS\RMA\SilverJan2017\101,Quiz,r121a.apiSub
    257,T:\CLIENTS\RMA\SilverJan2017\101,Quiz,r121a_summ.apiSub
      0,T:\CLIENTS\RMA\SilverJan2017\101,Quiz,r121b.apiSub
      0,T:\CLIENTS\RMA\SilverJan2017\101,Quiz,r121b_company.apiSub
    257,T:\CLIENTS\RMA\SilverJan2017\101,Quiz,r121b_summ.apiSub
      0,T:\CLIENTS\RMA\SilverJan2017\101,Quiz,r121c.apiSub
    257,T:\CLIENTS\RMA\SilverJan2017\101,Quiz,r121c_summ.apiSub
    261,T:\CLIENTS\RMA\SilverJan2017\101,Quiz,r123d.apiSub
 11820,T:\CLIENTS\RMA\SilverJan2017\101,Quiz,r124a.apiSub
  9999,T:\CLIENTS\RMA\SilverJan2017\101,Quiz,r124a_xls.apiSub
    249,T:\CLIENTS\RMA\SilverJan2017\101,Quiz,r124b_rma.apiSub
    257,T:\CLIENTS\RMA\SilverJan2017\101,Quiz,r124b_xls.apiSub
      0,T:\CLIENTS\RMA\SilverJan2017\101,Quiz,r125.apiSub
      0,T:\CLIENTS\RMA\SilverJan2017\101,Quiz,r132.apiSub
    261,T:\CLIENTS\RMA\SilverJan2017\101,Quiz,r133.apiSub
    247,T:\CLIENTS\RMA\SilverJan2017\101,Quiz,r134.apiSub
  4338,T:\CLIENTS\RMA\SilverJan2017\101,Quiz,r135.apiSub
    255,T:\CLIENTS\RMA\SilverJan2017\101,Quiz,r136.apiSub
      0,T:\CLIENTS\RMA\SilverJan2017\101,Quiz,r137.apiSub
    263,T:\CLIENTS\RMA\SilverJan2017\101,Quiz,r138_csv.apiSub
    255,T:\CLIENTS\RMA\SilverJan2017\101,Quiz,r139_csv.apiSub
      0,T:\CLIENTS\RMA\SilverJan2017\101,Quiz,r140w3.apiSub
      0,T:\CLIENTS\RMA\SilverJan2017\101,Quiz,r140_a1f.apiSub
      0,T:\CLIENTS\RMA\SilverJan2017\101,Quiz,r140_a2g.apiSub
      0,T:\CLIENTS\RMA\SilverJan2017\101,Quiz,r140_a2s.apiSub
    253,T:\CLIENTS\RMA\SilverJan2017\101,Quiz,r140_a3.apiSub
      0,T:\CLIENTS\RMA\SilverJan2017\101,Quiz,r140_a3c.apiSub
    253,T:\CLIENTS\RMA\SilverJan2017\101,Quiz,r140_a4.apiSub
      0,T:\CLIENTS\RMA\SilverJan2017\101,Quiz,r140_a4t.apiSub
    253,T:\CLIENTS\RMA\SilverJan2017\101,Quiz,r140_a5.apiSub
    253,T:\CLIENTS\RMA\SilverJan2017\101,Quiz,r140_b2.apiSub
    253,T:\CLIENTS\RMA\SilverJan2017\101,Quiz,r140_b3.apiSub
    263,T:\CLIENTS\RMA\SilverJan2017\101,Quiz,r140_e.apiSub
    522,T:\CLIENTS\RMA\SilverJan2017\101,Quiz,r141b.apiSub
    273,T:\CLIENTS\RMA\SilverJan2017\101,Quiz,r141d.apiSub
  4636,T:\CLIENTS\RMA\SilverJan2017\101,Quiz,r151.apiSub
    741,T:\CLIENTS\RMA\SilverJan2017\101,Quiz,r151d.apiSub
  6394,T:\CLIENTS\RMA\SilverJan2017\101,Quiz,r702.apiSub
      0,T:\CLIENTS\RMA\SilverJan2017\101,Quiz,r707.apiSub
      0,T:\CLIENTS\RMA\SilverJan2017\101,Quiz,r709a.apiSub
      0,T:\CLIENTS\RMA\SilverJan2017\101,Quiz,r709b.apiSub
      0,T:\CLIENTS\RMA\SilverJan2017\101,Quiz,r710.apiSub
      0,T:\CLIENTS\RMA\SilverJan2017\101,Quiz,r712.apiSub
    249,T:\CLIENTS\RMA\SilverJan2017\101,Quiz,r716a.apiSub
      0,T:\CLIENTS\RMA\SilverJan2017\101,Quiz,r716b.apiSub
    502,T:\CLIENTS\RMA\SilverJan2017\101,Quiz,r716c.apiSub
  2001,T:\CLIENTS\RMA\SilverJan2017\101,Quiz,r717.apiSub
      0,T:\CLIENTS\RMA\SilverJan2017\101,Quiz,r801a.apiSub
      0,T:\CLIENTS\RMA\SilverJan2017\101,Quiz,r801b.apiSub
      0,T:\CLIENTS\RMA\SilverJan2017\101,Quiz,r801c.apiSub
    265,T:\CLIENTS\RMA\SilverJan2017\101,Quiz,r921b.apiSub
  7981,T:\CLIENTS\RMA\SilverJan2017\101,Quiz,r950a.apiSub
  4007,T:\CLIENTS\RMA\SilverJan2017\101,Quiz,r950b.apiSub
    249,T:\CLIENTS\RMA\SilverJan2017\101,Quiz,r950c.apiSub
      0,T:\CLIENTS\RMA\SilverJan2017\101,Quiz,r990.apiSub
 21715,T:\CLIENTS\RMA\SilverJan2017\101,Quiz,r997.apiSub
  5446,T:\CLIENTS\RMA\SilverJan2017\101,Quiz,r997a.apiSub
    528,T:\CLIENTS\RMA\SilverJan2017\101,Quiz,r997_clinic22_84J.apiSub
      0,T:\CLIENTS\RMA\SilverJan2017\101,Quiz,r997_paid.apiSub
    530,T:\CLIENTS\RMA\SilverJan2017\101,Quiz,r997_portal.apiSub
    265,T:\CLIENTS\RMA\SilverJan2017\101,Quiz,r997_portal_ss.apiSub
    783,T:\CLIENTS\RMA\SilverJan2017\101,Quiz,r997_summary.apiSub
      0,T:\CLIENTS\RMA\SilverJan2017\101,Quiz,r997_total.apiSub
      0,T:\CLIENTS\RMA\SilverJan2017\101,Quiz,rmaprice.apiSub
      0,T:\CLIENTS\RMA\SilverJan2017\101,Quiz,ru701_acr.apiSub
      0,T:\CLIENTS\RMA\SilverJan2017\101,Quiz,signaturelabels.apiSub
      0,T:\CLIENTS\RMA\SilverJan2017\101,Quiz,solo_payments.apiSub
      0,T:\CLIENTS\RMA\SilverJan2017\101,Quiz,suspend_agent.apiSub
    267,T:\CLIENTS\RMA\SilverJan2017\101,Quiz,suspend_agent_detail.apiSub
      0,T:\CLIENTS\RMA\SilverJan2017\101,Quiz,suspend_desc.apiSub
    253,T:\CLIENTS\RMA\SilverJan2017\101,Quiz,suspend_dtl.apiSub
      0,T:\CLIENTS\RMA\SilverJan2017\101,Quiz,suspend_status.apiSub
      0,T:\CLIENTS\RMA\SilverJan2017\101,Quiz,suspend_suffix.apiSub
      0,T:\CLIENTS\RMA\SilverJan2017\101,Quiz,suspend_total.apiSub
  3262,T:\CLIENTS\RMA\SilverJan2017\101,Quiz,t4a_addrlabels_1.apiSub
  3456,T:\CLIENTS\RMA\SilverJan2017\101,Quiz,t4a_addrlabels_2.apiSub
    271,T:\CLIENTS\RMA\SilverJan2017\101,Quiz,t4a_addrlabels_3.apiSub
      0,T:\CLIENTS\RMA\SilverJan2017\101,Quiz,u030aa3.apiSub
      0,T:\CLIENTS\RMA\SilverJan2017\101,Quiz,u041_dump_min_max.apiSub
    554,T:\CLIENTS\RMA\SilverJan2017\101,Quiz,u100.apiSub
 18686,T:\CLIENTS\RMA\SilverJan2017\101,Quiz,u100_b.apiSub
      0,T:\CLIENTS\RMA\SilverJan2017\101,Quiz,u100_c.apiSub
  2765,T:\CLIENTS\RMA\SilverJan2017\101,Quiz,u111a.apiSub
  7038,T:\CLIENTS\RMA\SilverJan2017\101,Quiz,u140_k.apiSub
  2403,T:\CLIENTS\RMA\SilverJan2017\101,Quiz,utl00013.apiSub
      0,T:\CLIENTS\RMA\SilverJan2017\101,Quiz,utl0004.apiSub
      0,T:\CLIENTS\RMA\SilverJan2017\101,Quiz,utl0006.apiSub
      0,T:\CLIENTS\RMA\SilverJan2017\101,Quiz,utl0006a.apiSub
      0,T:\CLIENTS\RMA\SilverJan2017\101,Quiz,utl0006a_70.apiSub
      0,T:\CLIENTS\RMA\SilverJan2017\101,Quiz,utl0006_70.apiSub
      0,T:\CLIENTS\RMA\SilverJan2017\101,Quiz,utl0007.apiSub
      0,T:\CLIENTS\RMA\SilverJan2017\101,Quiz,utl0007a_70.apiSub
      0,T:\CLIENTS\RMA\SilverJan2017\101,Quiz,utl0007_70.apiSub
  4350,T:\CLIENTS\RMA\SilverJan2017\101,Quiz,utl0012.apiSub
    279,T:\CLIENTS\RMA\SilverJan2017\101,Quiz,utl0012c.apiSub
    516,T:\CLIENTS\RMA\SilverJan2017\101,Quiz,utl0021.apiSub
    269,T:\CLIENTS\RMA\SilverJan2017\101,Quiz,utl0101.apiSub
  3992,T:\CLIENTS\RMA\SilverJan2017\101,Quiz,utl0201.apiSub
    273,T:\CLIENTS\RMA\SilverJan2017\101,Quiz,utl0f020_ohip_sin.apiSub
      0,T:\CLIENTS\RMA\SilverJan2017\101,Quiz,webomafee.apiSub
      0,T:\CLIENTS\RMA\SilverJan2017\101,Quiz,webpatients.apiSub
      0,T:\CLIENTS\RMA\SilverJan2017\101,Quiz,webpatients_doc.apiSub
    271,T:\CLIENTS\RMA\SilverJan2017\101,Quiz,web_before_after.apiSub
            
 
     269,T:\CLIENTS\RMA\SilverJan2017\fixup,Qtp,createf073_costing.apiSub
   3392,T:\CLIENTS\RMA\SilverJan2017\fixup,Qtp,del_doctor.apiSub
       0,T:\CLIENTS\RMA\SilverJan2017\fixup,Qtp,purge_f071.apiSub
       0,T:\CLIENTS\RMA\SilverJan2017\fixup,Qtp,purge_f071_rma.apiSub
       0,T:\CLIENTS\RMA\SilverJan2017\fixup,Qtp,update_claims.apiSub
   1748,T:\CLIENTS\RMA\SilverJan2017\fixup,Qtp,update_claims_reason.apiSub
       0,T:\CLIENTS\RMA\SilverJan2017\fixup,Qtp,update_f001_f002_sub_type.apiSub
   2163,T:\CLIENTS\RMA\SilverJan2017\fixup,Qtp,update_f087.apiSub
   1796,T:\CLIENTS\RMA\SilverJan2017\fixup,Qtp,update_f087_VH8.apiSub
       0,T:\CLIENTS\RMA\SilverJan2017\fixup,Qtp,update_suspend_all_dtl.apiSub
       0,T:\CLIENTS\RMA\SilverJan2017\fixup,Qtp,update_suspend_hdr.apiSub
       0,T:\CLIENTS\RMA\SilverJan2017\fixup,Qtp,update_suspend_hdr_dtl.apiSub
       0,T:\CLIENTS\RMA\SilverJan2017\fixup,Qtp,update_suspend_hdr_dtl_diag.apiSub
       0,T:\CLIENTS\RMA\SilverJan2017\fixup,Qtp,update_suspend_hdr_from_all_dtl.apiSub
   1845,T:\CLIENTS\RMA\SilverJan2017\fixup,Qtp,update_susp_hdr_dtl_add_desc.apiSub


       0,T:\CLIENTS\RMA\SilverJan2017\fixup,Quick,create_f001.apiSub




   5521,T:\CLIENTS\RMA\SilverJan2017\fixup,Quiz,checkf002_adj_sub_type.apiSub
       0,T:\CLIENTS\RMA\SilverJan2017\fixup,Quiz,check_f001_f002.apiSub
       0,T:\CLIENTS\RMA\SilverJan2017\fixup,Quiz,check_f001_vs_web_amount.apiSub
   1655,T:\CLIENTS\RMA\SilverJan2017\fixup,Quiz,check_f002.apiSub
       0,T:\CLIENTS\RMA\SilverJan2017\fixup,Quiz,check_f002_bkey.apiSub
       0,T:\CLIENTS\RMA\SilverJan2017\fixup,Quiz,check_f071.apiSub
       0,T:\CLIENTS\RMA\SilverJan2017\fixup,Quiz,check_f071_detail.apiSub


  30664,T:\CLIENTS\RMA\SilverJan2017\moira,Qtp,newu706a.apiSub
   2840,T:\CLIENTS\RMA\SilverJan2017\moira,Qtp,u014_u015.apiSub
  51024,T:\CLIENTS\RMA\SilverJan2017\moira,Qtp,u030b_part2.apiSub
     751,T:\CLIENTS\RMA\SilverJan2017\moira,Qtp,u035c.apiSub
   39357,T:\CLIENTS\RMA\SilverJan2017\moira,Qtp,u115a_0.apiSub
   47773,T:\CLIENTS\RMA\SilverJan2017\moira,Qtp,u115a_1.apiSub
      498,T:\CLIENTS\RMA\SilverJan2017\moira,Qtp,u116_pop_excl_dtl.apiSub
      263,T:\CLIENTS\RMA\SilverJan2017\moira,Qtp,u210.apiSub


       0,T:\CLIENTS\RMA\SilverJan2017\moira,Quick,d113.apiSub
       0,T:\CLIENTS\RMA\SilverJan2017\moira,Quick,d705.apiSub
       0,T:\CLIENTS\RMA\SilverJan2017\moira,Quick,m010_crm.apiSub
       0,T:\CLIENTS\RMA\SilverJan2017\moira,Quick,m010_ins.apiSub
       0,T:\CLIENTS\RMA\SilverJan2017\moira,Quick,m010_ins_d003.apiSub
       0,T:\CLIENTS\RMA\SilverJan2017\moira,Quick,m076.apiSub
       0,T:\CLIENTS\RMA\SilverJan2017\moira,Quick,m116.apiSub
       0,T:\CLIENTS\RMA\SilverJan2017\moira,Quick,m116b.apiSub

       0,T:\CLIENTS\RMA\SilverJan2017\moira,Quiz,r211.apiSub


   44395,T:\CLIENTS\RMA\SilverJan2017\mp,Qtp,earnings_revenue_mp.apiSub
   45254,T:\CLIENTS\RMA\SilverJan2017\mp,Qtp,earnings_revenue_mp_history.apiSub
    7106,T:\CLIENTS\RMA\SilverJan2017\mp,Qtp,f020_info_export.apiSub
   49055,T:\CLIENTS\RMA\SilverJan2017\mp,Qtp,u115a.apiSub
    9518,T:\CLIENTS\RMA\SilverJan2017\mp,Qtp,u115b.apiSub
   5268,T:\CLIENTS\RMA\SilverJan2017\mp,Qtp,u115c.apiSub
 117508,T:\CLIENTS\RMA\SilverJan2017\mp,Qtp,u116.apiSub
     247,T:\CLIENTS\RMA\SilverJan2017\mp,Qtp,u122.apiSub
   3626,T:\CLIENTS\RMA\SilverJan2017\mp,Qtp,u130.apiSub
   6152,T:\CLIENTS\RMA\SilverJan2017\mp,Qtp,u132_sp_mp.apiSub
   1084,T:\CLIENTS\RMA\SilverJan2017\mp,Qtp,yearend_1.apiSub

        0,T:\CLIENTS\RMA\SilverJan2017\mp,Quick,d020.apiSub
        0,T:\CLIENTS\RMA\SilverJan2017\mp,Quick,d020a.apiSub
        0,T:\CLIENTS\RMA\SilverJan2017\mp,Quick,d112a.apiSub
        0,T:\CLIENTS\RMA\SilverJan2017\mp,Quick,d113.apiSub
        0,T:\CLIENTS\RMA\SilverJan2017\mp,Quick,d114.apiSub
        0,T:\CLIENTS\RMA\SilverJan2017\mp,Quick,d119.apiSub
        0,T:\CLIENTS\RMA\SilverJan2017\mp,Quick,h119.apiSub
        0,T:\CLIENTS\RMA\SilverJan2017\mp,Quick,m020.apiSub
        0,T:\CLIENTS\RMA\SilverJan2017\mp,Quick,m074.apiSub
        0,T:\CLIENTS\RMA\SilverJan2017\mp,Quick,m075.apiSub
        0,T:\CLIENTS\RMA\SilverJan2017\mp,Quick,m100.apiSub


        0,T:\CLIENTS\RMA\SilverJan2017\mp,Quiz,abe.apiSub
        0,T:\CLIENTS\RMA\SilverJan2017\mp,Quiz,mp_payments.apiSub
        0,T:\CLIENTS\RMA\SilverJan2017\mp,Quiz,r119a.apiSub
        0,T:\CLIENTS\RMA\SilverJan2017\mp,Quiz,r119b.apiSub
        0,T:\CLIENTS\RMA\SilverJan2017\mp,Quiz,r119c.apiSub
        0,T:\CLIENTS\RMA\SilverJan2017\mp,Quiz,r121a.apiSub
        0,T:\CLIENTS\RMA\SilverJan2017\mp,Quiz,r121b.apiSub
        0,T:\CLIENTS\RMA\SilverJan2017\mp,Quiz,r121c.apiSub
      261,T:\CLIENTS\RMA\SilverJan2017\mp,Quiz,r123d1a.apiSub
   11820,T:\CLIENTS\RMA\SilverJan2017\mp,Quiz,r124a_mp.apiSub
   12198,T:\CLIENTS\RMA\SilverJan2017\mp,Quiz,r124a_paycode7.apiSub
      249,T:\CLIENTS\RMA\SilverJan2017\mp,Quiz,r124b_mp.apiSub
      267,T:\CLIENTS\RMA\SilverJan2017\mp,Quiz,r124b_paycode7.apiSub
      805,T:\CLIENTS\RMA\SilverJan2017\mp,Quiz,r124c.apiSub
        0,T:\CLIENTS\RMA\SilverJan2017\mp,Quiz,r126.apiSub
        0,T:\CLIENTS\RMA\SilverJan2017\mp,Quiz,r127.apiSub
        0,T:\CLIENTS\RMA\SilverJan2017\mp,Quiz,r137.apiSub
      269,T:\CLIENTS\RMA\SilverJan2017\mp,Quiz,utl0101.apiSub
    3992,T:\CLIENTS\RMA\SilverJan2017\mp,Quiz,utl0201.apiSub



  81954,T:\CLIENTS\RMA\SilverJan2017\yas,Qtp,afp_pedsurgery_JantoDec_2015.apiSub
  81954,T:\CLIENTS\RMA\SilverJan2017\yas,Qtp,afp_pedsurgery_Jultojun_2017.apiSub
  28123,T:\CLIENTS\RMA\SilverJan2017\yas,Qtp,clinic26.apiSub
   7107,T:\CLIENTS\RMA\SilverJan2017\yas,Qtp,costing_f119hist.apiSub
  11586,T:\CLIENTS\RMA\SilverJan2017\yas,Qtp,dept4142_doc_loc_ctas.apiSub
  12589,T:\CLIENTS\RMA\SilverJan2017\yas,Qtp,dept4_average.apiSub
  28832,T:\CLIENTS\RMA\SilverJan2017\yas,Qtp,dept54_billings.apiSub
  12767,T:\CLIENTS\RMA\SilverJan2017\yas,Qtp,dept_average_docohip.apiSub
  24144,T:\CLIENTS\RMA\SilverJan2017\yas,Qtp,detail_peds_billings_ped.apiSub
  25372,T:\CLIENTS\RMA\SilverJan2017\yas,Qtp,detail_peds_billings_svcdate.apiSub
  11476,T:\CLIENTS\RMA\SilverJan2017\yas,Qtp,doc_rat_rejects.apiSub
   6585,T:\CLIENTS\RMA\SilverJan2017\yas,Qtp,drkolesar.apiSub
  32582,T:\CLIENTS\RMA\SilverJan2017\yas,Qtp,drkolesar_doc.apiSub
  29856,T:\CLIENTS\RMA\SilverJan2017\yas,Qtp,drkolesar_yr.apiSub
  10750,T:\CLIENTS\RMA\SilverJan2017\yas,Qtp,emergency_payroll_clmhdrid.apiSub
  14737,T:\CLIENTS\RMA\SilverJan2017\yas,Qtp,emergency_urgent_clmhdrid_44.apiSub
  71175,T:\CLIENTS\RMA\SilverJan2017\yas,Qtp,emerg_codes_4142.apiSub
  26147,T:\CLIENTS\RMA\SilverJan2017\yas,Qtp,emerg_dept44.apiSub
   5763,T:\CLIENTS\RMA\SilverJan2017\yas,Qtp,f050hist_location_dept4.apiSub
  11731,T:\CLIENTS\RMA\SilverJan2017\yas,Qtp,f088_clinic78_rejects.apiSub
  11605,T:\CLIENTS\RMA\SilverJan2017\yas,Qtp,f088_peds_rejects.apiSub
  12654,T:\CLIENTS\RMA\SilverJan2017\yas,Qtp,f119histtithe.apiSub


       0,T:\CLIENTS\RMA\SilverJan2017\yas,Quiz,auditors_payeft_ytd.apiSub
   5817,T:\CLIENTS\RMA\SilverJan2017\yas,Quiz,checkf020_active_doc.apiSub
     261,T:\CLIENTS\RMA\SilverJan2017\yas,Quiz,costing_f119hist.apiSub
       0,T:\CLIENTS\RMA\SilverJan2017\yas,Quiz,docinfo.apiSub
       0,T:\CLIENTS\RMA\SilverJan2017\yas,Quiz,drchaudhary_rejects.apiSub
     267,T:\CLIENTS\RMA\SilverJan2017\yas,Quiz,emergency_payroll_clmhdrid.apiSub
       0,T:\CLIENTS\RMA\SilverJan2017\yas,Quiz,f087_peds_rejects_by_errcode.apiSub
       0,T:\CLIENTS\RMA\SilverJan2017\yas,Quiz,f119hist_afpadj_afpcon.apiSub
       0,T:\CLIENTS\RMA\SilverJan2017\yas,Quiz,f119tithe.apiSub
     249,T:\CLIENTS\RMA\SilverJan2017\yas,Quiz,g271_code.apiSub
     259,T:\CLIENTS\RMA\SilverJan2017\yas,Quiz,geriatric.apiSub
     249,T:\CLIENTS\RMA\SilverJan2017\yas,Quiz,k037_code.apiSub
       0,T:\CLIENTS\RMA\SilverJan2017\yas,Quiz,tithe3.apiSub
     251,T:\CLIENTS\RMA\SilverJan2017\yas,Quiz,yasclare.apiSub
